1.406669616699218750e-05,-1.773769999999999847e+00,-7.916999999999907445e-02,-1.570999999999989072e-02,5.551115123125782702e-17,-4.499999999999998793e-03,9.761089711420000370e+00,5.125800000000000267e+01,-1.078999999999999959e+00,3.469999999999999751e-01
1.740193367004394531e-02,-1.613770000000000149e+00,-5.616999999999938709e-02,9.829000000000021053e-02,1.000000000000006439e-02,5.500000000000001416e-03,9.771089711420000157e+00,5.161599999999999966e+01,-1.078999999999999959e+00,1.733999999999999986e+00
3.380298614501953125e-02,-1.620770000000000044e+00,-1.471699999999991348e-01,-5.470999999999981434e-02,-9.999999999999953371e-03,5.500000000000001416e-03,9.751089711420000583e+00,4.892799999999999727e+01,-5.390000000000000346e-01,-1.729999999999999871e-01
5.034208297729492188e-02,-1.781769999999999854e+00,2.108300000000005170e-01,2.929000000000026027e-02,1.000000000000006439e-02,5.500000000000001416e-03,9.811089711420001080e+00,5.089999999999999858e+01,3.599999999999999867e-01,1.733999999999999986e+00
6.599593162536621094e-02,-1.842769999999999797e+00,6.078300000000007586e-01,-6.170999999999970953e-02,-9.999999999999953371e-03,-4.499999999999998793e-03,9.751089711420000583e+00,5.107900000000000063e+01,5.390000000000000346e-01,1.560000000000000053e+00
8.179903030395507812e-02,-1.964770000000000127e+00,8.438300000000005241e-01,-6.970999999999971664e-02,5.551115123125782702e-17,-1.449999999999999900e-02,9.801089711419999517e+00,4.964500000000000313e+01,-1.258999999999999897e+00,1.560000000000000053e+00
9.753203392028808594e-02,-2.132769999999999833e+00,2.171830000000000815e+00,-8.709999999999773479e-03,-1.999999999999990674e-02,5.500000000000001416e-03,9.761089711420000370e+00,5.054099999999999682e+01,-1.437999999999999945e+00,6.929999999999999494e-01
1.131899356842041016e-01,-2.444770000000000110e+00,3.491830000000001100e+00,7.290000000000240732e-03,2.000000000000007327e-02,5.500000000000001416e-03,9.771089711420000157e+00,5.179599999999999937e+01,-1.799999999999999933e-01,1.560000000000000053e+00
1.288359165191650391e-01,-2.315770000000000106e+00,3.025830000000000908e+00,-7.099999999997663735e-04,3.000000000000008216e-02,1.549999999999999989e-02,9.831089711420000654e+00,5.071999999999999886e+01,-1.258999999999999897e+00,5.200000000000000178e-01
1.446988582611083984e-01,-1.964770000000000127e+00,1.675830000000000375e+00,1.429000000000013593e-02,4.000000000000009104e-02,1.549999999999999989e-02,9.801089711419999517e+00,5.071999999999999886e+01,-1.799999999999999933e-01,-1.729999999999999871e-01
1.603660583496093750e-01,-1.941769999999999996e+00,1.202830000000000510e+00,-5.470999999999981434e-02,4.000000000000009104e-02,1.549999999999999989e-02,9.801089711419999517e+00,5.161599999999999966e+01,-1.798000000000000043e+00,1.040000000000000036e+00
1.760320663452148438e-01,-1.804769999999999985e+00,7.678300000000009007e-01,1.429000000000013593e-02,6.000000000000010880e-02,1.549999999999999989e-02,9.811089711420001080e+00,5.161599999999999966e+01,-3.599999999999999867e-01,2.080000000000000071e+00
1.916868686676025391e-01,-1.750770000000000159e+00,3.868300000000006733e-01,-5.470999999999981434e-02,6.000000000000010880e-02,2.550000000000000183e-02,9.811089711420001080e+00,5.036200000000000188e+01,1.799999999999999933e-01,8.669999999999999929e-01
2.075638771057128906e-01,-1.773769999999999847e+00,3.328300000000008474e-01,-8.470999999999984098e-02,3.000000000000008216e-02,-4.499999999999998793e-03,9.791089711419999730e+00,5.107900000000000063e+01,1.799999999999999933e-01,1.560000000000000053e+00
2.232298851013183594e-01,-1.697770000000000001e+00,2.038300000000008438e-01,2.929000000000026027e-02,3.000000000000008216e-02,5.500000000000001416e-03,9.771089711420000157e+00,5.107900000000000063e+01,-1.799999999999999933e-01,1.560000000000000053e+00
2.389309406280517578e-01,-1.750770000000000159e+00,3.708300000000006591e-01,-6.970999999999971664e-02,3.000000000000008216e-02,2.550000000000000183e-02,9.801089711419999517e+00,5.125800000000000267e+01,-1.798000000000000043e+00,1.387000000000000011e+00
2.545659542083740234e-01,-1.704769999999999897e+00,3.708300000000006591e-01,7.290000000000240732e-03,2.000000000000007327e-02,-1.449999999999999900e-02,9.801089711419999517e+00,5.089999999999999858e+01,-3.599999999999999867e-01,2.080000000000000071e+00
2.703509330749511719e-01,-1.567769999999999886e+00,1.198300000000007692e-01,-3.870999999999980012e-02,5.000000000000009992e-02,5.500000000000001416e-03,9.771089711420000157e+00,5.161599999999999966e+01,0.000000000000000000e+00,1.387000000000000011e+00
2.859508991241455078e-01,-1.659769999999999968e+00,1.038300000000007550e-01,-1.570999999999989072e-02,5.000000000000009992e-02,5.500000000000001416e-03,9.791089711419999730e+00,5.215400000000000347e+01,-5.390000000000000346e-01,1.907000000000000028e+00
3.015959262847900391e-01,-1.704769999999999897e+00,4.283000000000081187e-02,6.829000000000018389e-02,5.000000000000009992e-02,1.549999999999999989e-02,9.781089711419999944e+00,5.107900000000000063e+01,-5.390000000000000346e-01,1.560000000000000053e+00
3.173420429229736328e-01,-1.681769999999999987e+00,6.583000000000049923e-02,-2.370999999999967578e-02,4.000000000000009104e-02,1.549999999999999989e-02,9.771089711420000157e+00,5.161599999999999966e+01,3.599999999999999867e-01,1.733999999999999986e+00
3.330099582672119141e-01,-1.643769999999999953e+00,1.428300000000009007e-01,-9.270999999999984809e-02,4.000000000000009104e-02,5.500000000000001416e-03,9.791089711419999730e+00,5.054099999999999682e+01,-3.599999999999999867e-01,1.733999999999999986e+00
3.487279415130615234e-01,-1.697770000000000001e+00,2.108300000000005170e-01,-2.370999999999967578e-02,4.000000000000009104e-02,5.500000000000001416e-03,9.761089711420000370e+00,5.054099999999999682e+01,3.599999999999999867e-01,6.929999999999999494e-01
3.643639087677001953e-01,-1.689769999999999994e+00,4.283000000000081187e-02,-9.270999999999984809e-02,6.000000000000010880e-02,5.500000000000001416e-03,9.791089711419999730e+00,5.215400000000000347e+01,5.390000000000000346e-01,2.254000000000000004e+00
3.799989223480224609e-01,-1.697770000000000001e+00,1.283000000000056318e-02,-8.709999999999773479e-03,3.000000000000008216e-02,-4.499999999999998793e-03,9.781089711419999944e+00,5.179599999999999937e+01,5.390000000000000346e-01,5.200000000000000178e-01
3.956260681152343750e-01,-1.666770000000000085e+00,-8.616999999999919169e-02,1.429000000000013593e-02,5.000000000000009992e-02,1.549999999999999989e-02,9.791089711419999730e+00,4.910699999999999932e+01,-3.599999999999999867e-01,0.000000000000000000e+00
4.113068580627441406e-01,-1.659769999999999968e+00,6.583000000000049923e-02,-7.099999999997663735e-04,4.000000000000009104e-02,1.549999999999999989e-02,9.801089711419999517e+00,4.982399999999999807e+01,-1.078999999999999959e+00,1.040000000000000036e+00
4.270179271697998047e-01,-1.552769999999999984e+00,-3.001699999999991597e-01,-6.170999999999970953e-02,2.000000000000007327e-02,-2.450000000000000094e-02,9.801089711419999517e+00,5.143699999999999761e+01,-5.390000000000000346e-01,-1.729999999999999871e-01
4.427580833435058594e-01,-1.643769999999999953e+00,8.883000000000063068e-02,7.290000000000240732e-03,5.000000000000009992e-02,-4.499999999999998793e-03,9.791089711419999730e+00,4.982399999999999807e+01,0.000000000000000000e+00,6.929999999999999494e-01
4.585640430450439453e-01,-1.620770000000000044e+00,1.983000000000068042e-02,-3.870999999999980012e-02,4.000000000000009104e-02,1.549999999999999989e-02,9.801089711419999517e+00,5.036200000000000188e+01,-2.338000000000000078e+00,8.669999999999999929e-01
4.742689132690429688e-01,-1.659769999999999968e+00,4.283000000000081187e-02,7.290000000000240732e-03,4.000000000000009104e-02,1.549999999999999989e-02,9.791089711419999730e+00,5.089999999999999858e+01,-7.189999999999999725e-01,0.000000000000000000e+00
4.899408817291259766e-01,-1.620770000000000044e+00,-7.916999999999907445e-02,-3.170999999999968288e-02,6.000000000000010880e-02,-1.449999999999999900e-02,9.791089711419999730e+00,5.071999999999999886e+01,-1.799999999999999933e-01,-1.729999999999999871e-01
5.056450366973876953e-01,-1.605770000000000142e+00,-1.321699999999994546e-01,-1.307099999999998818e-01,6.000000000000010880e-02,-4.499999999999998793e-03,9.771089711420000157e+00,5.197500000000000142e+01,0.000000000000000000e+00,3.469999999999999751e-01
5.213520526885986328e-01,-1.567769999999999886e+00,-9.416999999999919879e-02,7.290000000000240732e-03,5.000000000000009992e-02,3.550000000000000377e-02,9.781089711419999944e+00,5.107900000000000063e+01,-5.390000000000000346e-01,1.213999999999999968e+00
5.370869636535644531e-01,-1.498769999999999936e+00,-6.316999999999950433e-02,-1.157099999999997575e-01,5.000000000000009992e-02,5.500000000000001416e-03,9.831089711420000654e+00,5.125800000000000267e+01,0.000000000000000000e+00,1.387000000000000011e+00
5.527589321136474609e-01,-1.491770000000000040e+00,-1.021699999999992059e-01,1.429000000000013593e-02,5.000000000000009992e-02,5.500000000000001416e-03,9.781089711419999944e+00,5.089999999999999858e+01,-3.599999999999999867e-01,6.929999999999999494e-01
5.686230659484863281e-01,-1.582770000000000010e+00,-1.016999999999912419e-02,-9.970999999999974328e-02,6.000000000000010880e-02,5.500000000000001416e-03,9.801089711419999517e+00,5.018299999999999983e+01,-7.189999999999999725e-01,6.929999999999999494e-01
5.843260288238525391e-01,-1.544769999999999976e+00,-1.021699999999992059e-01,-4.670999999999980723e-02,4.000000000000009104e-02,1.549999999999999989e-02,9.801089711419999517e+00,5.036200000000000188e+01,5.390000000000000346e-01,8.669999999999999929e-01
5.999989509582519531e-01,-1.414769999999999861e+00,-3.316999999999925564e-02,-2.370999999999967578e-02,5.000000000000009992e-02,-4.499999999999998793e-03,9.821089711420000867e+00,5.054099999999999682e+01,0.000000000000000000e+00,6.929999999999999494e-01
6.156668663024902344e-01,-1.544769999999999976e+00,-4.816999999999937998e-02,6.029000000000017678e-02,4.000000000000009104e-02,5.500000000000001416e-03,9.761089711420000370e+00,5.107900000000000063e+01,-5.390000000000000346e-01,1.560000000000000053e+00
6.313838958740234375e-01,-1.552769999999999984e+00,1.983000000000068042e-02,2.929000000000026027e-02,3.000000000000008216e-02,5.500000000000001416e-03,9.771089711420000157e+00,5.107900000000000063e+01,-8.990000000000000213e-01,1.213999999999999968e+00
6.470530033111572266e-01,-1.567769999999999886e+00,6.583000000000049923e-02,-7.099999999997663735e-04,4.000000000000009104e-02,5.500000000000001416e-03,9.811089711420001080e+00,5.197500000000000142e+01,-3.599999999999999867e-01,1.040000000000000036e+00
6.626839637756347656e-01,-1.620770000000000044e+00,1.038300000000007550e-01,1.429000000000013593e-02,4.000000000000009104e-02,5.500000000000001416e-03,9.751089711420000583e+00,5.000300000000000011e+01,1.258999999999999897e+00,1.907000000000000028e+00
6.783359050750732422e-01,-1.613770000000000149e+00,8.083000000000062357e-02,-6.170999999999970953e-02,5.000000000000009992e-02,1.549999999999999989e-02,9.801089711419999517e+00,5.018299999999999983e+01,1.437999999999999945e+00,3.469999999999999751e-01
6.938819885253906250e-01,-1.598770000000000024e+00,1.983000000000068042e-02,-3.170999999999968288e-02,6.000000000000010880e-02,-4.499999999999998793e-03,9.811089711420001080e+00,5.143699999999999761e+01,5.390000000000000346e-01,8.669999999999999929e-01
7.096030712127685547e-01,-1.590770000000000017e+00,3.583000000000069463e-02,-7.099999999997663735e-04,4.000000000000009104e-02,-1.449999999999999900e-02,9.791089711419999730e+00,5.089999999999999858e+01,0.000000000000000000e+00,1.040000000000000036e+00
7.252790927886962891e-01,-1.628770000000000051e+00,-2.169999999999117080e-03,-4.737099999999998534e-01,3.000000000000008216e-02,5.550000000000000766e-02,9.811089711420001080e+00,5.143699999999999761e+01,1.799999999999999933e-01,1.729999999999999871e-01
7.409470081329345703e-01,-1.773769999999999847e+00,1.118300000000007621e-01,-4.974709999999999965e+00,2.000000000000007327e-02,6.550000000000000266e-02,9.811089711420001080e+00,5.125800000000000267e+01,1.078999999999999959e+00,2.427000000000000046e+00
7.565510272979736328e-01,-1.994769999999999932e+00,-7.916999999999907445e-02,-8.583709999999999951e+00,4.000000000000009104e-02,2.550000000000000183e-02,9.801089711419999517e+00,4.964500000000000313e+01,1.799999999999999933e-01,8.669999999999999929e-01
7.721779346466064453e-01,-2.025770000000000071e+00,-4.221699999999994901e-01,-1.127670999999999957e+01,5.000000000000009992e-02,2.550000000000000183e-02,9.811089711420001080e+00,5.000300000000000011e+01,5.390000000000000346e-01,8.669999999999999929e-01
7.878420352935791016e-01,-2.071769999999999889e+00,3.708300000000006591e-01,-1.451170999999999900e+01,4.000000000000009104e-02,6.550000000000000266e-02,9.801089711419999517e+00,5.161599999999999966e+01,7.189999999999999725e-01,1.040000000000000036e+00
8.034400939941406250e-01,-2.124769999999999825e+00,-1.171699999999993302e-01,-1.691470999999999947e+01,6.000000000000010880e-02,5.500000000000001416e-03,9.801089711419999517e+00,5.107900000000000063e+01,-1.799999999999999933e-01,8.669999999999999929e-01
8.190979957580566406e-01,-2.139769999999999950e+00,-3.921699999999992414e-01,-1.870071000000000083e+01,5.000000000000009992e-02,-1.449999999999999900e-02,9.791089711419999730e+00,5.089999999999999858e+01,3.599999999999999867e-01,1.387000000000000011e+00
8.348090648651123047e-01,-2.292769999999999975e+00,-5.061699999999991206e-01,-1.958571000000000240e+01,8.000000000000007105e-02,-2.450000000000000094e-02,9.801089711419999517e+00,5.071999999999999886e+01,5.390000000000000346e-01,5.200000000000000178e-01
8.504240512847900391e-01,-2.231770000000000032e+00,7.528300000000003322e-01,-1.853271000000000157e+01,5.000000000000009992e-02,5.500000000000001416e-03,9.791089711419999730e+00,5.071999999999999886e+01,5.390000000000000346e-01,1.907000000000000028e+00
8.660180568695068359e-01,-2.368770000000000042e+00,-2.169999999999117080e-03,-2.072971000000000075e+01,1.100000000000000699e-01,5.500000000000001416e-03,9.821089711420000867e+00,5.125800000000000267e+01,7.189999999999999725e-01,2.080000000000000071e+00
8.816149234771728516e-01,-2.170770000000000088e+00,-1.321699999999994546e-01,-1.799871000000000265e+01,6.000000000000010880e-02,5.500000000000001416e-03,9.831089711420000654e+00,5.018299999999999983e+01,1.437999999999999945e+00,6.929999999999999494e-01
8.977808952331542969e-01,-2.399770000000000181e+00,6.583000000000049923e-02,-1.905871000000000137e+01,5.551115123125782702e-17,3.550000000000000377e-02,9.801089711419999517e+00,5.054099999999999682e+01,3.599999999999999867e-01,3.469999999999999751e-01
9.135150909423828125e-01,-2.246770000000000156e+00,9.683000000000063778e-02,-1.906671000000000049e+01,3.000000000000008216e-02,5.550000000000000766e-02,9.801089711419999517e+00,5.251299999999999812e+01,8.990000000000000213e-01,1.907000000000000028e+00
9.292979240417480469e-01,-2.299770000000000092e+00,1.004830000000001000e+00,-1.770870999999999995e+01,1.000000000000000888e-01,-4.499999999999998793e-03,9.761089711420000370e+00,4.982399999999999807e+01,7.189999999999999725e-01,1.387000000000000011e+00
9.449188709259033203e-01,-2.231770000000000032e+00,1.240830000000000766e+00,-1.709071000000000140e+01,1.000000000000000888e-01,-7.449999999999999678e-02,9.731089711419999233e+00,5.107900000000000063e+01,2.338000000000000078e+00,1.907000000000000028e+00
9.605619907379150391e-01,-1.979769999999999808e+00,-2.391699999999992166e-01,-1.420670999999999928e+01,1.000000000000000888e-01,-5.449999999999999983e-02,9.781089711419999944e+00,5.143699999999999761e+01,1.258999999999999897e+00,1.907000000000000028e+00
9.761888980865478516e-01,-2.101770000000000138e+00,-3.691699999999991100e-01,-1.345870999999999995e+01,9.000000000000007994e-02,-1.449999999999999900e-02,9.821089711420000867e+00,5.071999999999999886e+01,8.990000000000000213e-01,1.560000000000000053e+00
9.918298721313476562e-01,-2.185770000000000213e+00,-5.981699999999992023e-01,-1.405370999999999881e+01,-5.999999999999994227e-02,1.054999999999999966e-01,9.741089711420000796e+00,5.000300000000000011e+01,2.697000000000000064e+00,2.254000000000000004e+00
1.007581949234008789e+00,-2.216769999999999907e+00,3.328300000000008474e-01,-1.615971000000000046e+01,1.000000000000006439e-02,5.550000000000000766e-02,9.791089711419999730e+00,5.161599999999999966e+01,1.798000000000000043e+00,1.387000000000000011e+00
1.023226022720336914e+00,-2.170770000000000088e+00,-4.071699999999993658e-01,-1.764771000000000001e+01,4.000000000000009104e-02,3.550000000000000377e-02,9.831089711420000654e+00,5.125800000000000267e+01,2.516999999999999904e+00,6.929999999999999494e-01
1.038932085037231445e+00,-2.162770000000000081e+00,7.383000000000050633e-02,-1.836471000000000231e+01,9.000000000000007994e-02,2.550000000000000183e-02,9.781089711419999944e+00,5.071999999999999886e+01,1.977999999999999980e+00,1.729999999999999871e-01
1.054625034332275391e+00,-2.193770000000000220e+00,5.883000000000082608e-02,-2.005871000000000137e+01,5.000000000000009992e-02,5.500000000000001416e-03,9.801089711419999517e+00,5.071999999999999886e+01,2.338000000000000078e+00,2.254000000000000004e+00
1.070281028747558594e+00,-2.284769999999999968e+00,2.868300000000005845e-01,-1.998170999999999964e+01,1.000000000000000888e-01,-2.450000000000000094e-02,9.801089711419999517e+00,5.179599999999999937e+01,-1.799999999999999933e-01,2.600999999999999979e+00
1.085882902145385742e+00,-2.254770000000000163e+00,-4.816999999999937998e-02,-1.976070999999999955e+01,1.200000000000000788e-01,-4.449999999999999789e-02,9.831089711420000654e+00,5.161599999999999966e+01,2.516999999999999904e+00,1.387000000000000011e+00
1.101540088653564453e+00,-2.177770000000000206e+00,-2.169999999999117080e-03,-1.950871000000000066e+01,1.000000000000000888e-01,-1.449999999999999900e-02,9.791089711419999730e+00,5.107900000000000063e+01,1.618000000000000105e+00,5.200000000000000178e-01
1.117286920547485352e+00,-2.261769999999999836e+00,-3.311699999999992983e-01,-1.934171000000000262e+01,7.000000000000006217e-02,-1.449999999999999900e-02,9.771089711420000157e+00,5.215400000000000347e+01,2.338000000000000078e+00,-1.729999999999999871e-01
1.133008956909179688e+00,-2.292769999999999975e+00,-3.081699999999991668e-01,-1.997471000000000174e+01,4.000000000000009104e-02,2.550000000000000183e-02,9.811089711420001080e+00,5.179599999999999937e+01,4.136000000000000121e+00,1.560000000000000053e+00
1.148829936981201172e+00,-2.208769999999999900e+00,-6.051699999999993196e-01,-2.145471000000000217e+01,3.000000000000008216e-02,4.549999999999999878e-02,9.751089711420000583e+00,5.143699999999999761e+01,2.697000000000000064e+00,5.200000000000000178e-01
1.164469957351684570e+00,-2.299770000000000092e+00,-1.216169999999999085e+00,-2.134071000000000140e+01,5.000000000000009992e-02,3.550000000000000377e-02,9.801089711419999517e+00,5.215400000000000347e+01,3.056999999999999940e+00,1.213999999999999968e+00
1.180075883865356445e+00,-2.109770000000000145e+00,-2.970169999999999533e+00,-2.040971000000000046e+01,4.000000000000009104e-02,-1.449999999999999900e-02,9.771089711420000157e+00,5.233299999999999841e+01,2.876999999999999780e+00,6.929999999999999494e-01
1.195685863494873047e+00,-2.200769999999999893e+00,-2.581169999999999298e+00,-2.064571000000000112e+01,1.000000000000006439e-02,1.549999999999999989e-02,9.771089711420000157e+00,5.107900000000000063e+01,3.775999999999999801e+00,1.213999999999999968e+00
1.211313962936401367e+00,-2.315770000000000106e+00,-1.048169999999999380e+00,-2.039371000000000222e+01,6.000000000000010880e-02,-1.449999999999999900e-02,9.801089711419999517e+00,5.125800000000000267e+01,3.237000000000000099e+00,6.929999999999999494e-01
1.227071046829223633e+00,-2.277769999999999850e+00,3.098300000000007159e-01,-2.000471000000000288e+01,1.000000000000006439e-02,5.550000000000000766e-02,9.781089711419999944e+00,4.982399999999999807e+01,2.157999999999999918e+00,6.929999999999999494e-01
1.242771863937377930e+00,-2.269769999999999843e+00,1.156830000000001135e+00,-1.902871000000000024e+01,-4.999999999999993339e-02,8.550000000000000655e-02,9.801089711419999517e+00,5.018299999999999983e+01,2.516999999999999904e+00,1.040000000000000036e+00
1.258544921875000000e+00,-2.269769999999999843e+00,9.683000000000063778e-02,-1.916571000000000069e+01,1.000000000000006439e-02,3.550000000000000377e-02,9.781089711419999944e+00,5.054099999999999682e+01,4.315000000000000391e+00,2.080000000000000071e+00
1.274235010147094727e+00,-2.284769999999999968e+00,4.283000000000081187e-02,-1.960070999999999941e+01,-9.999999999999953371e-03,6.550000000000000266e-02,9.741089711420000796e+00,5.197500000000000142e+01,5.035000000000000142e+00,3.469999999999999751e-01
1.289872884750366211e+00,-2.345769999999999911e+00,2.568300000000007799e-01,-2.160771000000000086e+01,5.000000000000009992e-02,6.550000000000000266e-02,9.791089711419999730e+00,5.197500000000000142e+01,3.955999999999999961e+00,1.733999999999999986e+00
1.305521965026855469e+00,-2.353769999999999918e+00,-7.041699999999990744e-01,-2.413270999999999944e+01,6.000000000000010880e-02,8.550000000000000655e-02,9.841089711420000441e+00,5.107900000000000063e+01,4.855000000000000426e+00,1.560000000000000053e+00
1.321511983871459961e+00,-2.376770000000000049e+00,-4.786169999999999369e+00,-2.571971000000000274e+01,1.700000000000000955e-01,3.550000000000000377e-02,9.961089711419999659e+00,5.269200000000000017e+01,3.596000000000000085e+00,1.040000000000000036e+00
1.337301015853881836e+00,-2.483769999999999811e+00,-9.837170000000000414e+00,-2.880170999999999992e+01,7.000000000000006217e-02,4.549999999999999878e-02,9.881089711419999588e+00,5.197500000000000142e+01,4.674999999999999822e+00,1.040000000000000036e+00
1.352992057800292969e+00,-2.498769999999999936e+00,-4.160169999999999035e+00,-2.948071000000000197e+01,-7.999999999999990452e-02,5.500000000000001416e-03,9.771089711420000157e+00,5.107900000000000063e+01,5.214000000000000412e+00,2.947000000000000064e+00
1.368723869323730469e+00,-2.734770000000000145e+00,-2.665169999999999373e+00,-3.054171000000000191e+01,-1.999999999999990674e-02,-2.450000000000000094e-02,9.761089711420000370e+00,5.089999999999999858e+01,3.955999999999999961e+00,2.080000000000000071e+00
1.384443044662475586e+00,-2.666770000000000085e+00,-1.772169999999999357e+00,-2.969471000000000060e+01,-9.999999999999953371e-03,-2.450000000000000094e-02,9.801089711419999517e+00,5.143699999999999761e+01,3.775999999999999801e+00,1.560000000000000053e+00
1.400445938110351562e+00,-2.666770000000000085e+00,-1.528169999999999362e+00,-2.868771000000000271e+01,5.551115123125782702e-17,-7.449999999999999678e-02,9.811089711420001080e+00,5.161599999999999966e+01,6.113999999999999879e+00,1.733999999999999986e+00
1.416749000549316406e+00,-2.391770000000000174e+00,-2.833169999999999078e+00,-2.212571000000000154e+01,-2.999999999999991562e-02,-4.449999999999999789e-02,9.791089711419999730e+00,5.054099999999999682e+01,5.753999999999999559e+00,1.733999999999999986e+00
1.432578086853027344e+00,-2.246770000000000156e+00,-4.252169999999999561e+00,-1.718971000000000160e+01,-3.999999999999992450e-02,-2.450000000000000094e-02,9.801089711419999517e+00,5.197500000000000142e+01,5.753999999999999559e+00,1.387000000000000011e+00
1.448366880416870117e+00,-2.231770000000000032e+00,-4.664169999999999483e+00,-1.561771000000000065e+01,-6.999999999999995115e-02,-2.450000000000000094e-02,9.781089711419999944e+00,5.000300000000000011e+01,4.855000000000000426e+00,2.254000000000000004e+00
1.464036941528320312e+00,-2.223770000000000024e+00,-4.016169999999998907e+00,-1.548870999999999931e+01,-9.999999999999992228e-02,4.549999999999999878e-02,9.811089711420001080e+00,5.125800000000000267e+01,5.394000000000000128e+00,3.469999999999999751e-01
1.480036973953247070e+00,-2.338769999999999794e+00,-3.771169999999999245e+00,-1.735771000000000086e+01,-8.999999999999991340e-02,1.549999999999999989e-02,9.831089711420000654e+00,5.197500000000000142e+01,5.753999999999999559e+00,1.733999999999999986e+00
1.495735883712768555e+00,-2.177770000000000206e+00,-1.419316999999999851e+01,-1.831171000000000149e+01,-6.999999999999995115e-02,2.550000000000000183e-02,9.851089711420000228e+00,5.018299999999999983e+01,7.551999999999999602e+00,1.733999999999999986e+00
1.511395931243896484e+00,-2.322770000000000223e+00,-1.144716999999999985e+01,-1.942571000000000225e+01,-2.399999999999999356e-01,4.549999999999999878e-02,9.751089711420000583e+00,5.161599999999999966e+01,7.192000000000000171e+00,2.080000000000000071e+00
1.527106046676635742e+00,-2.597770000000000135e+00,-6.411169999999999369e+00,-1.973071000000000197e+01,-3.099999999999998868e-01,2.550000000000000183e-02,9.671089711420000512e+00,5.071999999999999886e+01,7.012999999999999901e+00,1.213999999999999968e+00
1.542820930480957031e+00,-2.643769999999999953e+00,-2.551169999999999050e+00,-1.861671000000000120e+01,-2.099999999999999090e-01,3.550000000000000377e-02,9.771089711420000157e+00,5.089999999999999858e+01,6.833000000000000185e+00,1.040000000000000036e+00
1.558546066284179688e+00,-2.521770000000000067e+00,-2.863169999999999327e+00,-1.739571000000000112e+01,-2.399999999999999356e-01,1.549999999999999989e-02,9.741089711420000796e+00,5.107900000000000063e+01,6.293000000000000149e+00,2.254000000000000004e+00
1.574162006378173828e+00,-2.589770000000000127e+00,-9.711699999999994226e-01,-1.724371000000000009e+01,-2.399999999999999356e-01,5.500000000000001416e-03,9.761089711420000370e+00,5.071999999999999886e+01,6.652999999999999581e+00,5.200000000000000178e-01
1.589930057525634766e+00,-2.666770000000000085e+00,-5.981699999999992023e-01,-1.684671000000000163e+01,-2.299999999999999267e-01,3.550000000000000377e-02,9.801089711419999517e+00,5.089999999999999858e+01,5.035000000000000142e+00,1.733999999999999986e+00
1.605541944503784180e+00,-2.383770000000000167e+00,-5.930169999999999497e+00,-1.580870999999999960e+01,-3.699999999999999400e-01,-4.499999999999998793e-03,9.671089711420000512e+00,5.251299999999999812e+01,6.293000000000000149e+00,-8.669999999999999929e-01
1.621176958084106445e+00,-2.574770000000000003e+00,1.268300000000008865e-01,-1.554970999999999925e+01,-1.899999999999998912e-01,5.500000000000001416e-03,9.781089711419999944e+00,5.125800000000000267e+01,7.192000000000000171e+00,1.040000000000000036e+00
1.636884927749633789e+00,-2.589770000000000127e+00,2.188300000000005241e-01,-1.557971000000000039e+01,-2.599999999999999534e-01,4.549999999999999878e-02,9.751089711420000583e+00,5.107900000000000063e+01,7.012999999999999901e+00,1.729999999999999871e-01
1.652585029602050781e+00,-2.460770000000000124e+00,-4.141699999999994830e-01,-1.598470999999999798e+01,-2.099999999999999090e-01,4.549999999999999878e-02,9.781089711419999944e+00,5.179599999999999937e+01,7.732000000000000206e+00,1.907000000000000028e+00
1.668226003646850586e+00,-2.536770000000000191e+00,-1.353169999999999096e+00,-1.739571000000000112e+01,-2.999999999999999889e-01,1.549999999999999989e-02,9.751089711420000583e+00,5.215400000000000347e+01,7.732000000000000206e+00,8.669999999999999929e-01
1.683952093124389648e+00,-2.887770000000000170e+00,-5.061699999999991206e-01,-2.047071000000000041e+01,-2.899999999999999800e-01,2.550000000000000183e-02,9.781089711419999944e+00,5.071999999999999886e+01,7.012999999999999901e+00,8.669999999999999929e-01
1.699609041213989258e+00,-2.834770000000000234e+00,-2.081699999999990780e-01,-2.072971000000000075e+01,-2.899999999999999800e-01,5.500000000000001416e-03,9.741089711420000796e+00,5.018299999999999983e+01,7.911999999999999922e+00,2.080000000000000071e+00
1.715208053588867188e+00,-2.765769999999999840e+00,6.583000000000049923e-02,-2.034071000000000140e+01,-2.399999999999999356e-01,3.550000000000000377e-02,9.831089711420000654e+00,5.036200000000000188e+01,7.732000000000000206e+00,2.600999999999999979e+00
1.730838060379028320e+00,-2.788769999999999971e+00,1.958300000000008367e-01,-2.030271000000000114e+01,-2.299999999999999267e-01,2.550000000000000183e-02,9.801089711419999517e+00,5.089999999999999858e+01,6.833000000000000185e+00,1.040000000000000036e+00
1.746448040008544922e+00,-2.849769999999999914e+00,-1.171699999999993302e-01,-2.195071000000000083e+01,-2.599999999999999534e-01,1.549999999999999989e-02,9.771089711420000157e+00,5.089999999999999858e+01,8.271000000000000796e+00,6.929999999999999494e-01
1.762032985687255859e+00,-2.956770000000000120e+00,-3.316999999999925564e-02,-2.304971000000000103e+01,-2.499999999999999445e-01,2.550000000000000183e-02,9.761089711420000370e+00,5.161599999999999966e+01,9.349999999999999645e+00,3.469999999999999751e-01
1.777723073959350586e+00,-3.009770000000000056e+00,1.428300000000009007e-01,-2.372071000000000041e+01,-2.599999999999999534e-01,2.550000000000000183e-02,9.751089711420000583e+00,5.215400000000000347e+01,7.371999999999999886e+00,1.560000000000000053e+00
1.793366909027099609e+00,-3.070770000000000000e+00,4.168300000000009220e-01,-2.387271000000000143e+01,-2.099999999999999090e-01,5.500000000000001416e-03,9.761089711420000370e+00,5.089999999999999858e+01,8.271000000000000796e+00,1.733999999999999986e+00
1.809056997299194336e+00,-3.055770000000000319e+00,-1.781699999999992734e-01,-2.329371000000000080e+01,-1.999999999999999001e-01,5.500000000000001416e-03,9.781089711419999944e+00,5.215400000000000347e+01,6.652999999999999581e+00,1.560000000000000053e+00
1.824691057205200195e+00,-2.971770000000000245e+00,-9.416999999999919879e-02,-2.134071000000000140e+01,-2.199999999999999178e-01,5.500000000000001416e-03,9.841089711420000441e+00,5.018299999999999983e+01,7.911999999999999922e+00,1.733999999999999986e+00
1.840326070785522461e+00,-2.795770000000000088e+00,1.648300000000006982e-01,-2.076771000000000100e+01,-2.099999999999999090e-01,-4.499999999999998793e-03,9.771089711420000157e+00,5.000300000000000011e+01,8.810999999999999943e+00,1.907000000000000028e+00
1.855990886688232422e+00,-2.887770000000000170e+00,8.083000000000062357e-02,-2.136270999999999987e+01,-2.499999999999999445e-01,-8.450000000000000566e-02,9.771089711420000157e+00,5.161599999999999966e+01,6.833000000000000185e+00,6.929999999999999494e-01
1.871754884719848633e+00,-3.047770000000000312e+00,-2.081699999999990780e-01,-2.450671000000000177e+01,-2.799999999999999711e-01,-4.499999999999998793e-03,9.791089711419999730e+00,5.233299999999999841e+01,9.349999999999999645e+00,1.040000000000000036e+00
1.887449026107788086e+00,-3.200770000000000337e+00,5.388300000000008083e-01,-2.706271000000000271e+01,-2.799999999999999711e-01,-1.449999999999999900e-02,9.781089711419999944e+00,5.054099999999999682e+01,1.006900000000000084e+01,1.733999999999999986e+00
1.903089046478271484e+00,-3.413769999999999971e+00,2.868300000000005845e-01,-3.054171000000000191e+01,-1.799999999999998823e-01,1.549999999999999989e-02,9.801089711419999517e+00,5.089999999999999858e+01,8.990000000000000213e+00,2.774000000000000021e+00
1.918772935867309570e+00,-3.467770000000000241e+00,-3.316999999999925564e-02,-3.201371000000000322e+01,-2.799999999999999711e-01,9.549999999999998768e-02,9.791089711419999730e+00,5.054099999999999682e+01,1.006900000000000084e+01,1.733999999999999986e+00
1.934517860412597656e+00,-3.421769999999999978e+00,1.578300000000005809e-01,-3.227271000000000356e+01,-2.499999999999999445e-01,6.550000000000000266e-02,9.821089711420000867e+00,5.107900000000000063e+01,1.024900000000000055e+01,3.294000000000000039e+00
1.950208902359008789e+00,-3.406770000000000298e+00,-3.231699999999992912e-01,-3.104471000000000203e+01,-1.999999999999999001e-01,1.255000000000000004e-01,9.781089711419999944e+00,5.089999999999999858e+01,8.631000000000000227e+00,1.733999999999999986e+00
1.965820074081420898e+00,-3.406770000000000298e+00,6.583000000000049923e-02,-3.022071000000000041e+01,-1.699999999999998734e-01,3.550000000000000377e-02,9.781089711419999944e+00,5.143699999999999761e+01,1.024900000000000055e+01,1.560000000000000053e+00
1.981461048126220703e+00,-3.246770000000000156e+00,-6.051699999999993196e-01,-2.713071000000000055e+01,-2.299999999999999267e-01,8.550000000000000655e-02,9.821089711420000867e+00,5.036200000000000188e+01,1.024900000000000055e+01,-1.729999999999999871e-01
1.997267961502075195e+00,-3.162770000000000081e+00,4.283000000000081187e-02,-2.622271000000000285e+01,-1.899999999999998912e-01,5.550000000000000766e-02,9.761089711420000370e+00,5.125800000000000267e+01,1.078899999999999970e+01,2.427000000000000046e+00
2.012917041778564453e+00,-3.055770000000000319e+00,2.488300000000007728e-01,-2.417871000000000237e+01,-1.999999999999999001e-01,5.500000000000001416e-03,9.791089711419999730e+00,5.107900000000000063e+01,9.890000000000000568e+00,1.907000000000000028e+00
2.028577089309692383e+00,-3.024770000000000181e+00,4.778300000000008652e-01,-2.322471000000000174e+01,-1.699999999999998734e-01,-1.449999999999999900e-02,9.791089711419999730e+00,5.071999999999999886e+01,1.060899999999999999e+01,1.213999999999999968e+00
2.044213056564331055e+00,-2.864770000000000039e+00,2.108300000000005170e-01,-2.112671000000000276e+01,-2.499999999999999445e-01,5.500000000000001416e-03,9.801089711419999517e+00,5.036200000000000188e+01,1.060899999999999999e+01,2.947000000000000064e+00
2.059946060180664062e+00,-2.948770000000000113e+00,-7.116999999999951143e-02,-2.236270999999999987e+01,-2.299999999999999267e-01,5.500000000000001416e-03,9.791089711419999730e+00,5.089999999999999858e+01,1.042900000000000027e+01,1.387000000000000011e+00
2.075628042221069336e+00,-3.017770000000000064e+00,-2.471699999999992237e-01,-2.276670999999999978e+01,-2.399999999999999356e-01,-2.450000000000000094e-02,9.751089711420000583e+00,5.143699999999999761e+01,1.168800000000000061e+01,1.213999999999999968e+00
2.091281890869140625e+00,-3.078770000000000007e+00,-1.251699999999993373e-01,-2.363671000000000078e+01,-2.499999999999999445e-01,-2.450000000000000094e-02,9.771089711420000157e+00,4.982399999999999807e+01,1.150799999999999912e+01,1.387000000000000011e+00
2.107042074203491211e+00,-3.268769999999999953e+00,9.208300000000004815e-01,-2.575770999999999944e+01,-2.299999999999999267e-01,-6.450000000000000178e-02,9.791089711419999730e+00,5.036200000000000188e+01,1.240700000000000003e+01,2.254000000000000004e+00
2.122758865356445312e+00,-3.299770000000000092e+00,1.126830000000000886e+00,-2.774171000000000120e+01,-1.899999999999998912e-01,5.500000000000001416e-03,9.801089711419999517e+00,5.071999999999999886e+01,1.168800000000000061e+01,8.669999999999999929e-01
2.138556957244873047e+00,-3.207770000000000010e+00,3.938300000000007905e-01,-2.818371000000000137e+01,-2.099999999999999090e-01,8.550000000000000655e-02,9.801089711419999517e+00,5.197500000000000142e+01,1.294599999999999973e+01,1.387000000000000011e+00
2.154322862625122070e+00,-3.192770000000000330e+00,4.098300000000008048e-01,-2.988471000000000188e+01,-2.399999999999999356e-01,1.054999999999999966e-01,9.781089711419999944e+00,5.018299999999999983e+01,1.114799999999999969e+01,2.080000000000000071e+00
2.169965028762817383e+00,-3.375770000000000159e+00,3.328300000000008474e-01,-3.111371000000000464e+01,-2.899999999999999800e-01,1.355000000000000093e-01,9.811089711420001080e+00,4.892799999999999727e+01,1.204700000000000060e+01,2.254000000000000004e+00
2.185606956481933594e+00,-3.337769999999999904e+00,-5.521699999999993835e-01,-3.186071000000000453e+01,-2.399999999999999356e-01,1.054999999999999966e-01,9.791089711419999730e+00,5.054099999999999682e+01,1.258699999999999974e+01,1.040000000000000036e+00
2.201303005218505859e+00,-3.207770000000000010e+00,-6.891699999999993942e-01,-3.027471000000000245e+01,-2.199999999999999178e-01,2.550000000000000183e-02,9.791089711419999730e+00,5.107900000000000063e+01,1.240700000000000003e+01,1.213999999999999968e+00
2.217024087905883789e+00,-4.268769999999999953e+00,-5.981699999999992023e-01,-4.242770999999999759e+01,-2.499999999999999445e-01,-1.844999999999999973e-01,9.811089711420001080e+00,5.036200000000000188e+01,1.240700000000000003e+01,1.213999999999999968e+00
2.232763051986694336e+00,-4.314770000000000216e+00,-1.551699999999991419e-01,-4.480071000000000225e+01,-2.599999999999999534e-01,1.549999999999999989e-02,9.781089711419999944e+00,4.982399999999999807e+01,1.294599999999999973e+01,1.387000000000000011e+00
2.248638868331909180e+00,-4.214769999999999683e+00,-9.791699999999994297e-01,-4.528171000000000390e+01,-3.099999999999998868e-01,1.455000000000000182e-01,9.771089711420000157e+00,5.000300000000000011e+01,1.348600000000000065e+01,2.254000000000000004e+00
2.264339923858642578e+00,-4.153769999999999740e+00,-2.771699999999994724e-01,-4.525070999999999799e+01,-2.599999999999999534e-01,2.954999999999999849e-01,9.821089711420000867e+00,4.946600000000000108e+01,1.294599999999999973e+01,3.120999999999999996e+00
2.280019044876098633e+00,-3.818770000000000220e+00,-1.861699999999992805e-01,-3.907070999999999827e+01,-1.799999999999998823e-01,2.454999999999999960e-01,9.781089711419999944e+00,5.089999999999999858e+01,1.438499999999999979e+01,2.080000000000000071e+00
2.295695066452026367e+00,-3.520770000000000177e+00,-1.528169999999999362e+00,-3.379171000000000191e+01,-2.799999999999999711e-01,6.550000000000000266e-02,9.731089711419999233e+00,5.071999999999999886e+01,1.456499999999999950e+01,2.947000000000000064e+00
2.311311960220336914e+00,-3.337769999999999904e+00,-3.316999999999925564e-02,-3.055671000000000248e+01,-2.099999999999999090e-01,5.500000000000001416e-03,9.781089711419999944e+00,4.946600000000000108e+01,1.366600000000000037e+01,1.387000000000000011e+00
2.327069044113159180e+00,-3.215770000000000017e+00,3.558300000000005348e-01,-2.954171000000000191e+01,-2.499999999999999445e-01,-5.449999999999999983e-02,9.721089711419999446e+00,5.000300000000000011e+01,1.528400000000000070e+01,1.907000000000000028e+00
2.342933893203735352e+00,-3.444770000000000110e+00,1.498300000000005738e-01,-3.019771000000000072e+01,-1.599999999999998646e-01,-8.450000000000000566e-02,9.791089711419999730e+00,4.928699999999999903e+01,1.564300000000000068e+01,2.600999999999999979e+00
2.358697891235351562e+00,-3.413769999999999971e+00,-6.431699999999991313e-01,-3.115171000000000134e+01,-3.299999999999999045e-01,-1.449999999999999900e-02,9.771089711420000157e+00,4.910699999999999932e+01,1.546400000000000041e+01,3.467000000000000082e+00
2.374356985092163086e+00,-3.520770000000000177e+00,1.648300000000006982e-01,-3.259371000000000151e+01,-1.999999999999999001e-01,-4.499999999999998793e-03,9.791089711419999730e+00,4.946600000000000108e+01,1.438499999999999979e+01,2.080000000000000071e+00
2.389955043792724609e+00,-3.543770000000000309e+00,-7.916999999999907445e-02,-3.423371000000000208e+01,-1.899999999999998912e-01,4.549999999999999878e-02,9.751089711420000583e+00,4.910699999999999932e+01,1.510399999999999920e+01,1.387000000000000011e+00
2.405555963516235352e+00,-3.650770000000000071e+00,-3.691699999999991100e-01,-3.566871000000000436e+01,-1.699999999999998734e-01,5.500000000000001416e-03,9.801089711419999517e+00,5.018299999999999983e+01,1.546400000000000041e+01,1.387000000000000011e+00
2.421195983886718750e+00,-3.337769999999999904e+00,1.983000000000068042e-02,-3.097570999999999941e+01,-3.399999999999999134e-01,2.454999999999999960e-01,9.741089711420000796e+00,4.946600000000000108e+01,1.510399999999999920e+01,1.387000000000000011e+00
2.436886072158813477e+00,-3.032770000000000188e+00,-8.616999999999919169e-02,-2.584871000000000052e+01,-3.299999999999999045e-01,1.255000000000000004e-01,9.701089711419999873e+00,4.910699999999999932e+01,1.546400000000000041e+01,2.427000000000000046e+00
2.452514886856079102e+00,-2.963770000000000238e+00,-6.316999999999950433e-02,-2.310271000000000186e+01,-2.699999999999999623e-01,8.550000000000000655e-02,9.761089711420000370e+00,4.910699999999999932e+01,1.546400000000000041e+01,2.080000000000000071e+00
2.468194961547851562e+00,-2.895770000000000177e+00,1.283000000000056318e-02,-2.137871000000000166e+01,-2.399999999999999356e-01,5.550000000000000766e-02,9.761089711420000370e+00,4.892799999999999727e+01,1.420500000000000007e+01,1.213999999999999968e+00
2.483814954757690430e+00,-2.811770000000000103e+00,-1.551699999999991419e-01,-1.876871000000000222e+01,-2.299999999999999267e-01,3.550000000000000377e-02,9.781089711419999944e+00,4.767399999999999949e+01,1.654200000000000159e+01,1.040000000000000036e+00
2.499927043914794922e+00,-2.704769999999999897e+00,-2.241699999999990922e-01,-1.835670999999999964e+01,-2.499999999999999445e-01,4.549999999999999878e-02,9.761089711420000370e+00,4.857000000000000028e+01,1.528400000000000070e+01,1.907000000000000028e+00
2.515560865402221680e+00,-2.567769999999999886e+00,-3.381699999999994155e-01,-1.672471000000000174e+01,-2.299999999999999267e-01,4.549999999999999878e-02,9.781089711419999944e+00,4.910699999999999932e+01,1.618299999999999983e+01,1.387000000000000011e+00
2.531230926513671875e+00,-2.589770000000000127e+00,-1.861699999999992805e-01,-1.326870999999999867e+01,-2.199999999999999178e-01,5.500000000000001416e-03,9.831089711420000654e+00,4.910699999999999932e+01,1.834100000000000108e+01,1.387000000000000011e+00
2.546936035156250000e+00,-2.345769999999999911e+00,-1.401699999999994617e-01,-1.117770999999999937e+01,-2.599999999999999534e-01,5.550000000000000766e-02,9.761089711420000370e+00,4.839000000000000057e+01,1.654200000000000159e+01,2.774000000000000021e+00
2.562567949295043945e+00,-2.216769999999999907e+00,-2.169999999999117080e-03,-9.644709999999999894e+00,-2.199999999999999178e-01,3.550000000000000377e-02,9.791089711419999730e+00,4.857000000000000028e+01,1.636299999999999955e+01,2.254000000000000004e+00
2.578172922134399414e+00,-2.078770000000000007e+00,1.118300000000007621e-01,-7.698710000000000164e+00,-2.399999999999999356e-01,1.549999999999999989e-02,9.811089711420001080e+00,5.036200000000000188e+01,1.708200000000000074e+01,2.947000000000000064e+00
2.593765974044799805e+00,-1.872770000000000046e+00,2.948300000000005916e-01,-6.096709999999999852e+00,-2.299999999999999267e-01,2.550000000000000183e-02,9.771089711420000157e+00,4.910699999999999932e+01,1.726200000000000045e+01,1.387000000000000011e+00
2.609467983245849609e+00,-1.720769999999999911e+00,6.538300000000010215e-01,-1.633709999999999773e+00,-2.399999999999999356e-01,3.550000000000000377e-02,9.761089711420000370e+00,4.964500000000000313e+01,1.744200000000000017e+01,2.254000000000000004e+00
2.625200986862182617e+00,-1.842769999999999797e+00,1.324830000000000396e+00,9.829000000000021053e-02,-2.599999999999999534e-01,3.550000000000000377e-02,9.781089711419999944e+00,4.910699999999999932e+01,1.726200000000000045e+01,1.387000000000000011e+00
2.640811920166015625e+00,-1.826770000000000005e+00,1.637830000000001007e+00,7.012900000000001910e-01,-2.399999999999999356e-01,4.549999999999999878e-02,9.761089711420000370e+00,4.946600000000000108e+01,1.546400000000000041e+01,1.733999999999999986e+00
2.656462907791137695e+00,-8.277700000000000058e-01,1.500830000000000553e+00,1.395329000000000086e+01,-1.299999999999999489e-01,-1.449999999999999900e-02,9.821089711420000867e+00,4.857000000000000028e+01,1.672200000000000131e+01,2.947000000000000064e+00
2.672180891036987305e+00,7.223000000000001641e-02,1.095830000000000304e+00,2.777828999999999837e+01,-1.899999999999998912e-01,7.549999999999999767e-02,9.801089711419999517e+00,4.892799999999999727e+01,1.636299999999999955e+01,1.560000000000000053e+00
2.687882900238037109e+00,4.462300000000000155e-01,6.078300000000007586e-01,3.548328999999999667e+01,-1.299999999999999489e-01,-4.499999999999998793e-03,9.751089711420000583e+00,4.839000000000000057e+01,1.654200000000000159e+01,1.387000000000000011e+00
2.703753948211669922e+00,5.222300000000000830e-01,6.688300000000007017e-01,3.971828999999999610e+01,-2.099999999999999090e-01,1.549999999999999989e-02,9.821089711420000867e+00,4.910699999999999932e+01,1.654200000000000159e+01,1.733999999999999986e+00
2.719522953033447266e+00,6.142299999999999427e-01,1.118300000000007621e-01,4.027429000000000059e+01,-2.399999999999999356e-01,5.550000000000000766e-02,9.791089711419999730e+00,4.982399999999999807e+01,1.546400000000000041e+01,1.733999999999999986e+00
2.735313892364501953e+00,4.312299999999998912e-01,1.728300000000007053e-01,4.071728999999999843e+01,-3.199999999999998956e-01,1.455000000000000182e-01,9.741089711420000796e+00,4.839000000000000057e+01,1.546400000000000041e+01,3.469999999999999751e-01
2.751082897186279297e+00,6.372300000000000741e-01,-1.861699999999992805e-01,4.249528999999999712e+01,-3.399999999999999134e-01,1.255000000000000004e-01,9.791089711419999730e+00,5.018299999999999983e+01,1.618299999999999983e+01,1.733999999999999986e+00
2.766815900802612305e+00,7.512299999999999534e-01,-6.361699999999994581e-01,4.576829000000000036e+01,-3.699999999999999400e-01,1.355000000000000093e-01,9.781089711419999944e+00,4.964500000000000313e+01,1.456499999999999950e+01,8.669999999999999929e-01
2.782521963119506836e+00,8.732300000000000617e-01,-1.139169999999999128e+00,4.783529000000000053e+01,-2.699999999999999623e-01,-4.499999999999998793e-03,9.831089711420000654e+00,4.982399999999999807e+01,1.510399999999999920e+01,2.774000000000000021e+00
2.798255920410156250e+00,1.056229999999999780e+00,-1.444169999999999288e+00,4.956728999999999985e+01,-3.299999999999999045e-01,3.550000000000000377e-02,9.781089711419999944e+00,4.964500000000000313e+01,1.420500000000000007e+01,2.254000000000000004e+00
2.813847064971923828e+00,1.156229999999999869e+00,-1.086169999999999192e+00,5.009429000000000087e+01,-3.299999999999999045e-01,1.054999999999999966e-01,9.781089711419999944e+00,5.036200000000000188e+01,1.312599999999999945e+01,1.560000000000000053e+00
2.829528093338012695e+00,1.339229999999999698e+00,-6.971699999999994013e-01,5.099428999999999945e+01,-2.599999999999999534e-01,9.549999999999998768e-02,9.781089711419999944e+00,4.982399999999999807e+01,1.402500000000000036e+01,3.469999999999999751e-01
2.845176935195922852e+00,1.209229999999999805e+00,-5.061699999999991206e-01,4.928528999999999627e+01,-2.799999999999999711e-01,3.550000000000000377e-02,9.781089711419999944e+00,5.071999999999999886e+01,1.456499999999999950e+01,2.600999999999999979e+00
2.860857963562011719e+00,9.882300000000000528e-01,8.883000000000063068e-02,4.696528999999999598e+01,-2.999999999999999889e-01,7.549999999999999767e-02,9.821089711420000867e+00,5.018299999999999983e+01,1.366600000000000037e+01,3.469999999999999751e-01
2.876522064208984375e+00,9.652299999999999214e-01,2.488300000000007728e-01,4.696528999999999598e+01,-2.499999999999999445e-01,2.550000000000000183e-02,9.751089711420000583e+00,4.928699999999999903e+01,1.240700000000000003e+01,8.669999999999999929e-01
2.892263889312744141e+00,9.572299999999999143e-01,2.418300000000006555e-01,4.724828999999999724e+01,-2.699999999999999623e-01,4.549999999999999878e-02,9.821089711420000867e+00,5.143699999999999761e+01,1.240700000000000003e+01,2.600999999999999979e+00
2.909261941909790039e+00,1.011229999999999851e+00,2.868300000000005845e-01,4.733928999999999832e+01,-2.599999999999999534e-01,8.550000000000000655e-02,9.791089711419999730e+00,5.036200000000000188e+01,1.276600000000000001e+01,1.560000000000000053e+00
2.925005912780761719e+00,9.652299999999999214e-01,1.498300000000005738e-01,4.685929000000000144e+01,-2.599999999999999534e-01,6.550000000000000266e-02,9.771089711420000157e+00,4.946600000000000108e+01,1.258699999999999974e+01,1.387000000000000011e+00
2.940722942352294922e+00,6.832299999999998930e-01,2.188300000000005241e-01,4.302928999999999604e+01,-2.299999999999999267e-01,-1.449999999999999900e-02,9.781089711419999944e+00,5.071999999999999886e+01,1.204700000000000060e+01,2.600999999999999979e+00
2.956506013870239258e+00,7.062300000000000244e-01,3.178300000000007230e-01,4.010728999999999900e+01,-1.999999999999999001e-01,-1.449999999999999900e-02,9.771089711420000157e+00,5.018299999999999983e+01,1.186700000000000088e+01,3.469999999999999751e-01
2.972290992736816406e+00,2.632299999999999640e-01,2.488300000000007728e-01,3.561328999999999922e+01,-1.799999999999998823e-01,-4.499999999999998793e-03,9.801089711419999517e+00,4.928699999999999903e+01,9.890000000000000568e+00,5.200000000000000178e-01
2.988054990768432617e+00,1.182299999999999462e-01,1.578300000000005809e-01,3.137128999999999834e+01,-1.999999999999999001e-01,4.549999999999999878e-02,9.781089711419999944e+00,5.107900000000000063e+01,1.240700000000000003e+01,3.641000000000000014e+00
3.003762006759643555e+00,-4.976999999999998092e-02,6.583000000000049923e-02,2.802228999999999814e+01,-1.799999999999998823e-01,5.500000000000001416e-03,9.811089711420001080e+00,4.964500000000000313e+01,1.060899999999999999e+01,1.560000000000000053e+00
3.019512891769409180e+00,-2.557700000000000529e-01,1.348300000000008936e-01,2.507728999999999786e+01,-1.999999999999999001e-01,3.550000000000000377e-02,9.801089711419999517e+00,5.000300000000000011e+01,9.890000000000000568e+00,1.907000000000000028e+00
3.035172939300537109e+00,-3.237700000000000022e-01,1.728300000000007053e-01,2.220828999999999809e+01,-1.999999999999999001e-01,1.549999999999999989e-02,9.791089711419999730e+00,4.928699999999999903e+01,1.060899999999999999e+01,1.907000000000000028e+00
3.050828933715820312e+00,-6.827699999999999880e-01,1.428300000000009007e-01,1.808829000000000065e+01,-2.099999999999999090e-01,-4.499999999999998793e-03,9.791089711419999730e+00,5.251299999999999812e+01,1.096799999999999997e+01,1.213999999999999968e+00
3.066495895385742188e+00,-6.827699999999999880e-01,2.258300000000006413e-01,1.559329000000000143e+01,-1.799999999999998823e-01,5.500000000000001416e-03,9.771089711420000157e+00,5.018299999999999983e+01,1.042900000000000027e+01,1.387000000000000011e+00
3.082293987274169922e+00,-7.287700000000000289e-01,2.108300000000005170e-01,1.647128999999999976e+01,-2.499999999999999445e-01,3.550000000000000377e-02,9.791089711419999730e+00,4.964500000000000313e+01,9.890000000000000568e+00,1.729999999999999871e-01
3.098077058792114258e+00,-8.127699999999999925e-01,2.648300000000007870e-01,1.494528999999999996e+01,-1.999999999999999001e-01,6.550000000000000266e-02,9.811089711420001080e+00,5.143699999999999761e+01,9.529999999999999361e+00,1.560000000000000053e+00
3.113724946975708008e+00,-8.357700000000000129e-01,1.198300000000007692e-01,1.289329000000000036e+01,-2.299999999999999267e-01,5.550000000000000766e-02,9.781089711419999944e+00,5.143699999999999761e+01,9.169999999999999929e+00,2.254000000000000004e+00
3.129435062408447266e+00,-8.127699999999999925e-01,4.283000000000081187e-02,1.209928999999999988e+01,-1.999999999999999001e-01,2.550000000000000183e-02,9.781089711419999944e+00,5.143699999999999761e+01,1.024900000000000055e+01,1.560000000000000053e+00
3.145144939422607422e+00,-9.197699999999999765e-01,1.728300000000007053e-01,1.173329000000000022e+01,-2.299999999999999267e-01,1.549999999999999989e-02,9.841089711420000441e+00,5.107900000000000063e+01,1.060899999999999999e+01,1.560000000000000053e+00
3.160841941833496094e+00,-8.127699999999999925e-01,2.038300000000008438e-01,1.258729000000000120e+01,-1.799999999999998823e-01,1.549999999999999989e-02,9.771089711420000157e+00,5.036200000000000188e+01,9.890000000000000568e+00,-1.729999999999999871e-01
3.176759958267211914e+00,-9.197699999999999765e-01,1.958300000000008367e-01,1.130629000000000062e+01,-1.899999999999998912e-01,-1.449999999999999900e-02,9.801089711419999517e+00,5.089999999999999858e+01,8.990000000000000213e+00,6.929999999999999494e-01
3.192472934722900391e+00,-6.597699999999999676e-01,-2.516999999999924853e-02,1.632629000000000019e+01,-2.099999999999999090e-01,-2.450000000000000094e-02,9.771089711420000157e+00,5.089999999999999858e+01,9.349999999999999645e+00,0.000000000000000000e+00
3.208270072937011719e+00,-4.237699999999999800e-01,-1.816999999999913129e-02,2.061429000000000045e+01,-1.999999999999999001e-01,2.550000000000000183e-02,9.811089711420001080e+00,5.018299999999999983e+01,9.349999999999999645e+00,2.427000000000000046e+00
3.223947048187255859e+00,-4.467700000000000005e-01,-8.616999999999919169e-02,2.130029000000000039e+01,-2.199999999999999178e-01,1.549999999999999989e-02,9.791089711419999730e+00,5.018299999999999983e+01,9.349999999999999645e+00,1.387000000000000011e+00
3.239722013473510742e+00,-3.697699999999999876e-01,-1.091699999999993231e-01,2.220828999999999809e+01,-2.399999999999999356e-01,3.550000000000000377e-02,9.811089711420001080e+00,5.161599999999999966e+01,8.271000000000000796e+00,3.120999999999999996e+00
3.255424976348876953e+00,-5.607699999999999907e-01,5.083000000000081897e-02,2.007929000000000030e+01,-2.199999999999999178e-01,4.549999999999999878e-02,9.781089711419999944e+00,4.964500000000000313e+01,8.451000000000000512e+00,8.669999999999999929e-01
3.271090030670166016e+00,-5.527699999999999836e-01,-1.816999999999913129e-02,1.836328999999999922e+01,-2.499999999999999445e-01,3.550000000000000377e-02,9.821089711420000867e+00,5.125800000000000267e+01,9.349999999999999645e+00,0.000000000000000000e+00
3.286805868148803711e+00,-6.747699999999999809e-01,6.583000000000049923e-02,1.711928999999999945e+01,-2.199999999999999178e-01,4.549999999999999878e-02,9.761089711420000370e+00,5.071999999999999886e+01,8.451000000000000512e+00,8.669999999999999929e-01
3.302465915679931641e+00,-7.587699999999999445e-01,-2.169999999999117080e-03,1.706628999999999863e+01,-2.599999999999999534e-01,1.549999999999999989e-02,9.791089711419999730e+00,5.054099999999999682e+01,7.551999999999999602e+00,1.040000000000000036e+00
3.318161010742187500e+00,-8.887700000000000600e-01,-2.516999999999924853e-02,1.579229000000000127e+01,-2.499999999999999445e-01,5.550000000000000766e-02,9.781089711419999944e+00,5.161599999999999966e+01,7.911999999999999922e+00,1.040000000000000036e+00
3.333769083023071289e+00,-9.037699999999999623e-01,-2.516999999999924853e-02,1.412929000000000102e+01,-2.299999999999999267e-01,5.500000000000001416e-03,9.811089711420001080e+00,5.143699999999999761e+01,8.451000000000000512e+00,1.213999999999999968e+00
3.349430084228515625e+00,-8.737700000000000466e-01,1.648300000000006982e-01,1.408328999999999986e+01,-2.499999999999999445e-01,1.549999999999999989e-02,9.771089711420000157e+00,5.054099999999999682e+01,9.349999999999999645e+00,6.929999999999999494e-01
3.365114927291870117e+00,-7.587699999999999445e-01,9.683000000000063778e-02,1.557028999999999996e+01,-2.399999999999999356e-01,-4.499999999999998793e-03,9.761089711420000370e+00,5.107900000000000063e+01,8.090999999999999304e+00,8.669999999999999929e-01
3.380739927291870117e+00,-4.157700000000000284e-01,1.268300000000008865e-01,2.051428999999999903e+01,-2.199999999999999178e-01,1.549999999999999989e-02,9.791089711419999730e+00,5.143699999999999761e+01,7.371999999999999886e+00,1.907000000000000028e+00
3.396322011947631836e+00,-4.687700000000000200e-01,-1.816999999999913129e-02,1.946128999999999820e+01,-1.799999999999998823e-01,1.549999999999999989e-02,9.781089711419999944e+00,5.054099999999999682e+01,6.833000000000000185e+00,1.733999999999999986e+00
3.411891937255859375e+00,-6.527700000000000724e-01,1.038300000000007550e-01,1.792829000000000050e+01,-1.999999999999999001e-01,5.500000000000001416e-03,9.771089711420000157e+00,5.107900000000000063e+01,8.090999999999999304e+00,1.560000000000000053e+00
3.427517890930175781e+00,-6.907699999999999951e-01,1.038300000000007550e-01,1.693628999999999962e+01,-2.399999999999999356e-01,4.549999999999999878e-02,9.771089711420000157e+00,5.197500000000000142e+01,6.472999999999999865e+00,6.929999999999999494e-01
3.443125963211059570e+00,-6.677699999999999747e-01,8.083000000000062357e-02,1.640229000000000070e+01,-2.599999999999999534e-01,2.550000000000000183e-02,9.811089711420001080e+00,5.089999999999999858e+01,9.349999999999999645e+00,1.040000000000000036e+00
3.458878993988037109e+00,-5.987700000000000244e-01,2.108300000000005170e-01,1.727928999999999959e+01,-2.699999999999999623e-01,6.550000000000000266e-02,9.801089711419999517e+00,5.161599999999999966e+01,6.472999999999999865e+00,2.080000000000000071e+00
3.474509000778198242e+00,-8.047699999999999854e-01,1.198300000000007692e-01,1.557829000000000086e+01,-3.099999999999998868e-01,1.155000000000000054e-01,9.781089711419999944e+00,5.054099999999999682e+01,7.551999999999999602e+00,1.387000000000000011e+00
3.490143060684204102e+00,-6.977700000000000014e-01,3.028300000000005987e-01,1.678428999999999860e+01,-2.699999999999999623e-01,4.549999999999999878e-02,9.781089711419999944e+00,5.125800000000000267e+01,6.472999999999999865e+00,2.080000000000000071e+00
3.505779981613159180e+00,-7.057700000000000085e-01,2.868300000000005845e-01,1.558628999999999998e+01,-1.999999999999999001e-01,1.549999999999999989e-02,9.801089711419999517e+00,5.018299999999999983e+01,8.271000000000000796e+00,3.120999999999999996e+00
3.521422863006591797e+00,-9.347699999999999898e-01,5.883000000000082608e-02,1.225929000000000002e+01,-1.699999999999998734e-01,5.500000000000001416e-03,9.801089711419999517e+00,5.107900000000000063e+01,7.012999999999999901e+00,8.669999999999999929e-01
3.537106037139892578e+00,-1.270769999999999955e+00,-2.516999999999924853e-02,6.125289999999999679e+00,-1.699999999999998734e-01,-4.499999999999998793e-03,9.771089711420000157e+00,5.054099999999999682e+01,7.551999999999999602e+00,1.040000000000000036e+00
3.552955865859985352e+00,-1.544769999999999976e+00,4.283000000000081187e-02,2.837290000000000312e+00,-2.299999999999999267e-01,2.550000000000000183e-02,9.791089711419999730e+00,5.197500000000000142e+01,6.833000000000000185e+00,1.733999999999999986e+00
3.568753004074096680e+00,-1.605770000000000142e+00,1.728300000000007053e-01,2.135290000000000354e+00,-2.299999999999999267e-01,2.550000000000000183e-02,9.791089711419999730e+00,5.143699999999999761e+01,7.012999999999999901e+00,2.947000000000000064e+00
3.584438085556030273e+00,-1.300769999999999982e+00,6.583000000000049923e-02,4.096289999999999765e+00,-2.499999999999999445e-01,3.550000000000000377e-02,9.771089711420000157e+00,5.251299999999999812e+01,7.732000000000000206e+00,1.907000000000000028e+00
3.600075006484985352e+00,-1.079769999999999897e+00,-4.116999999999926274e-02,1.030629000000000062e+01,-2.499999999999999445e-01,2.550000000000000183e-02,9.801089711419999517e+00,5.071999999999999886e+01,8.090999999999999304e+00,8.669999999999999929e-01
3.615737915039062500e+00,-9.197699999999999765e-01,-1.016999999999912419e-02,1.296128999999999998e+01,-2.299999999999999267e-01,1.549999999999999989e-02,9.731089711419999233e+00,5.215400000000000347e+01,7.012999999999999901e+00,1.560000000000000053e+00
3.631438016891479492e+00,-7.137700000000000156e-01,8.083000000000062357e-02,1.588329000000000057e+01,-2.499999999999999445e-01,1.549999999999999989e-02,9.771089711420000157e+00,4.982399999999999807e+01,5.394000000000000128e+00,0.000000000000000000e+00
3.647118091583251953e+00,-7.287700000000000289e-01,2.418300000000006555e-01,1.647128999999999976e+01,-2.399999999999999356e-01,2.550000000000000183e-02,9.781089711419999944e+00,5.143699999999999761e+01,7.012999999999999901e+00,1.907000000000000028e+00
3.662808895111083984e+00,-6.977700000000000014e-01,2.868300000000005845e-01,1.705128999999999806e+01,-1.999999999999999001e-01,2.550000000000000183e-02,9.821089711420000867e+00,5.054099999999999682e+01,6.472999999999999865e+00,2.080000000000000071e+00
3.678747892379760742e+00,-7.897699999999999720e-01,2.108300000000005170e-01,1.628029000000000082e+01,-1.899999999999998912e-01,2.550000000000000183e-02,9.781089711419999944e+00,5.071999999999999886e+01,6.293000000000000149e+00,1.907000000000000028e+00
3.694437026977539062e+00,-1.002769999999999939e+00,3.488300000000008616e-01,1.215329000000000015e+01,-1.599999999999998646e-01,1.549999999999999989e-02,9.801089711419999517e+00,5.179599999999999937e+01,5.573999999999999844e+00,1.560000000000000053e+00
3.710301876068115234e+00,-1.094770000000000021e+00,-2.169999999999117080e-03,1.031429000000000151e+01,-2.499999999999999445e-01,3.550000000000000377e-02,9.811089711420001080e+00,5.215400000000000347e+01,6.293000000000000149e+00,5.200000000000000178e-01
3.725934028625488281e+00,-9.807700000000000307e-01,3.583000000000069463e-02,1.229029000000000060e+01,-2.299999999999999267e-01,5.500000000000001416e-03,9.781089711419999944e+00,5.179599999999999937e+01,6.293000000000000149e+00,5.200000000000000178e-01
3.741569042205810547e+00,-8.507700000000000262e-01,1.878300000000008296e-01,1.354129000000000005e+01,-2.599999999999999534e-01,3.550000000000000377e-02,9.771089711420000157e+00,5.233299999999999841e+01,6.472999999999999865e+00,1.387000000000000011e+00
3.757281064987182617e+00,-7.897699999999999720e-01,4.628300000000002967e-01,1.516629000000000005e+01,-2.399999999999999356e-01,2.550000000000000183e-02,9.761089711420000370e+00,5.233299999999999841e+01,6.472999999999999865e+00,1.040000000000000036e+00
3.773056983947753906e+00,-8.047699999999999854e-01,1.958300000000008367e-01,1.663928999999999903e+01,-2.499999999999999445e-01,5.550000000000000766e-02,9.791089711419999730e+00,4.964500000000000313e+01,5.573999999999999844e+00,1.907000000000000028e+00
3.788830041885375977e+00,-6.297699999999999410e-01,1.268300000000008865e-01,1.962228999999999957e+01,-2.399999999999999356e-01,3.550000000000000377e-02,9.741089711420000796e+00,5.197500000000000142e+01,5.394000000000000128e+00,1.387000000000000011e+00
3.804503917694091797e+00,-4.237699999999999800e-01,-1.816999999999913129e-02,2.074328999999999823e+01,-2.499999999999999445e-01,3.550000000000000377e-02,9.801089711419999517e+00,5.089999999999999858e+01,5.394000000000000128e+00,3.469999999999999751e-01
3.820182085037231445e+00,-5.987700000000000244e-01,5.083000000000081897e-02,1.960628999999999778e+01,-1.999999999999999001e-01,3.550000000000000377e-02,9.751089711420000583e+00,5.125800000000000267e+01,6.113999999999999879e+00,1.040000000000000036e+00
3.835860013961791992e+00,-5.377700000000000813e-01,1.198300000000007692e-01,1.925528999999999868e+01,-2.599999999999999534e-01,4.549999999999999878e-02,9.761089711420000370e+00,5.036200000000000188e+01,6.293000000000000149e+00,1.907000000000000028e+00
3.851504087448120117e+00,-6.677699999999999747e-01,1.348300000000008936e-01,1.774528999999999712e+01,-1.899999999999998912e-01,1.549999999999999989e-02,9.791089711419999730e+00,5.107900000000000063e+01,4.855000000000000426e+00,1.560000000000000053e+00
3.867209911346435547e+00,-7.817699999999999649e-01,1.808300000000007124e-01,1.509729000000000099e+01,-1.699999999999998734e-01,-1.449999999999999900e-02,9.791089711419999730e+00,5.161599999999999966e+01,3.955999999999999961e+00,1.040000000000000036e+00
3.882900953292846680e+00,-9.417699999999999960e-01,8.083000000000062357e-02,1.294629000000000119e+01,-1.899999999999998912e-01,1.549999999999999989e-02,9.791089711419999730e+00,5.233299999999999841e+01,5.753999999999999559e+00,1.040000000000000036e+00
3.898662090301513672e+00,-1.048769999999999980e+00,-8.616999999999919169e-02,1.086329000000000100e+01,-2.199999999999999178e-01,2.550000000000000183e-02,9.791089711419999730e+00,5.089999999999999858e+01,5.394000000000000128e+00,3.469999999999999751e-01
3.914329051971435547e+00,-1.170770000000000088e+00,5.883000000000082608e-02,9.391289999999999694e+00,-1.999999999999999001e-01,-4.499999999999998793e-03,9.791089711419999730e+00,5.215400000000000347e+01,4.495000000000000107e+00,1.907000000000000028e+00
3.929980993270874023e+00,-1.186770000000000103e+00,1.983000000000068042e-02,8.941290000000000404e+00,-2.299999999999999267e-01,1.549999999999999989e-02,9.781089711419999944e+00,5.215400000000000347e+01,5.573999999999999844e+00,1.560000000000000053e+00
3.945579051971435547e+00,-1.041770000000000085e+00,1.283000000000056318e-02,1.161829000000000001e+01,-2.499999999999999445e-01,3.550000000000000377e-02,9.761089711420000370e+00,5.107900000000000063e+01,3.415999999999999925e+00,3.641000000000000014e+00
3.961313962936401367e+00,-7.517700000000000493e-01,7.383000000000050633e-02,1.446429000000000009e+01,-2.299999999999999267e-01,5.550000000000000766e-02,9.771089711420000157e+00,5.197500000000000142e+01,4.315000000000000391e+00,1.387000000000000011e+00
3.977074861526489258e+00,-6.137700000000000378e-01,-2.169999999999117080e-03,1.170229000000000141e+01,-9.999999999999953371e-03,-1.044999999999999957e-01,9.781089711419999944e+00,5.215400000000000347e+01,5.214000000000000412e+00,1.907000000000000028e+00
3.992840051651000977e+00,-1.590770000000000017e+00,6.583000000000049923e-02,6.472900000000002541e-01,-1.899999999999998912e-01,1.549999999999999989e-02,9.791089711419999730e+00,5.143699999999999761e+01,5.214000000000000412e+00,1.907000000000000028e+00
4.008586883544921875e+00,-1.651769999999999960e+00,6.583000000000049923e-02,2.132900000000002017e-01,-2.099999999999999090e-01,1.549999999999999989e-02,9.771089711420000157e+00,5.107900000000000063e+01,4.495000000000000107e+00,1.213999999999999968e+00
4.024276971817016602e+00,-1.620770000000000044e+00,9.683000000000063778e-02,6.172900000000002274e-01,-2.199999999999999178e-01,3.550000000000000377e-02,9.791089711419999730e+00,5.143699999999999761e+01,4.136000000000000121e+00,1.560000000000000053e+00
4.039967060089111328e+00,-1.636770000000000058e+00,5.083000000000081897e-02,7.082900000000001972e-01,-2.099999999999999090e-01,1.549999999999999989e-02,9.811089711420001080e+00,5.036200000000000188e+01,4.136000000000000121e+00,8.669999999999999929e-01
4.055716991424560547e+00,-1.659769999999999968e+00,-1.816999999999913129e-02,1.132900000000001128e-01,-1.899999999999998912e-01,-4.499999999999998793e-03,9.751089711420000583e+00,5.179599999999999937e+01,5.214000000000000412e+00,1.213999999999999968e+00
4.071393966674804688e+00,-1.674770000000000092e+00,-1.781699999999992734e-01,-2.370999999999967578e-02,-1.899999999999998912e-01,5.500000000000001416e-03,9.781089711419999944e+00,5.161599999999999966e+01,5.394000000000000128e+00,1.040000000000000036e+00
4.087188005447387695e+00,-1.720769999999999911e+00,1.038300000000007550e-01,1.429000000000013593e-02,-2.099999999999999090e-01,2.550000000000000183e-02,9.811089711420001080e+00,5.125800000000000267e+01,4.315000000000000391e+00,6.929999999999999494e-01
4.102860927581787109e+00,-1.666770000000000085e+00,4.283000000000081187e-02,1.132900000000001128e-01,-2.299999999999999267e-01,5.500000000000001416e-03,9.801089711419999517e+00,5.054099999999999682e+01,3.596000000000000085e+00,2.080000000000000071e+00
4.118576049804687500e+00,-1.605770000000000142e+00,-2.516999999999924853e-02,7.392900000000002247e-01,-2.299999999999999267e-01,3.550000000000000377e-02,9.771089711420000157e+00,5.054099999999999682e+01,5.035000000000000142e+00,-6.929999999999999494e-01
4.134207010269165039e+00,-1.498769999999999936e+00,-6.316999999999950433e-02,3.074290000000000411e+00,-2.199999999999999178e-01,4.549999999999999878e-02,9.771089711420000157e+00,5.107900000000000063e+01,3.415999999999999925e+00,-1.729999999999999871e-01
4.149851083755493164e+00,-1.300769999999999982e+00,1.983000000000068042e-02,6.858290000000000219e+00,-2.699999999999999623e-01,2.550000000000000183e-02,9.791089711419999730e+00,5.071999999999999886e+01,4.136000000000000121e+00,1.213999999999999968e+00
4.165446996688842773e+00,-1.216769999999999907e+00,-2.516999999999924853e-02,7.956290000000000973e+00,-1.999999999999999001e-01,-3.450000000000000289e-02,9.771089711420000157e+00,5.071999999999999886e+01,4.855000000000000426e+00,1.560000000000000053e+00
4.181106090545654297e+00,-1.147769999999999957e+00,-5.616999999999938709e-02,8.536290000000001044e+00,-2.599999999999999534e-01,3.550000000000000377e-02,9.801089711419999517e+00,5.143699999999999761e+01,4.495000000000000107e+00,8.669999999999999929e-01
4.196768999099731445e+00,-1.109769999999999923e+00,8.883000000000063068e-02,9.681290000000000617e+00,-1.999999999999999001e-01,3.550000000000000377e-02,9.781089711419999944e+00,4.946600000000000108e+01,3.237000000000000099e+00,6.929999999999999494e-01
4.212360858917236328e+00,-1.170770000000000088e+00,-6.316999999999950433e-02,8.254290000000001015e+00,-1.899999999999998912e-01,-1.449999999999999900e-02,9.791089711419999730e+00,5.143699999999999761e+01,3.415999999999999925e+00,5.200000000000000178e-01
4.227995872497558594e+00,-1.094770000000000021e+00,1.728300000000007053e-01,7.163289999999999935e+00,-2.299999999999999267e-01,1.549999999999999989e-02,9.791089711419999730e+00,5.215400000000000347e+01,4.136000000000000121e+00,1.729999999999999871e-01
4.243808984756469727e+00,-8.967700000000000671e-01,4.283000000000081187e-02,1.077929000000000137e+01,-2.499999999999999445e-01,3.550000000000000377e-02,9.791089711419999730e+00,5.161599999999999966e+01,2.876999999999999780e+00,2.080000000000000071e+00
4.259526014328002930e+00,-9.877700000000000369e-01,1.118300000000007621e-01,1.288529000000000124e+01,-2.099999999999999090e-01,3.550000000000000377e-02,9.801089711419999517e+00,5.125800000000000267e+01,5.035000000000000142e+00,1.040000000000000036e+00
4.275156021118164062e+00,-8.887700000000000600e-01,5.083000000000081897e-02,1.277129000000000048e+01,-1.899999999999998912e-01,5.500000000000001416e-03,9.781089711419999944e+00,5.179599999999999937e+01,3.415999999999999925e+00,8.669999999999999929e-01
4.290777921676635742e+00,-9.267699999999999827e-01,5.883000000000082608e-02,1.136729000000000056e+01,-2.199999999999999178e-01,5.500000000000001416e-03,9.811089711420001080e+00,5.125800000000000267e+01,3.955999999999999961e+00,2.080000000000000071e+00
4.306428909301757812e+00,-1.109769999999999923e+00,2.783000000000068752e-02,1.017729000000000106e+01,-1.899999999999998912e-01,-4.499999999999998793e-03,9.771089711420000157e+00,5.071999999999999886e+01,4.495000000000000107e+00,1.729999999999999871e-01
4.322071075439453125e+00,-1.147769999999999957e+00,3.583000000000069463e-02,9.864290000000000447e+00,-2.199999999999999178e-01,5.500000000000001416e-03,9.771089711420000157e+00,5.197500000000000142e+01,3.596000000000000085e+00,1.040000000000000036e+00
4.337770938873291016e+00,-1.056769999999999987e+00,4.283000000000081187e-02,1.066529000000000060e+01,-2.199999999999999178e-01,3.550000000000000377e-02,9.811089711420001080e+00,5.197500000000000142e+01,2.516999999999999904e+00,-3.469999999999999751e-01
4.353434085845947266e+00,-1.002769999999999939e+00,3.583000000000069463e-02,1.240429000000000137e+01,-2.499999999999999445e-01,3.550000000000000377e-02,9.801089711419999517e+00,5.107900000000000063e+01,4.495000000000000107e+00,2.254000000000000004e+00
4.369127035140991211e+00,-9.647700000000000164e-01,3.583000000000069463e-02,1.260329000000000121e+01,-1.799999999999998823e-01,-4.499999999999998793e-03,9.791089711419999730e+00,5.143699999999999761e+01,3.415999999999999925e+00,8.669999999999999929e-01
4.384819030761718750e+00,-1.254769999999999941e+00,-1.816999999999913129e-02,7.308289999999999509e+00,-1.599999999999998646e-01,5.500000000000001416e-03,9.821089711420000867e+00,5.179599999999999937e+01,2.697000000000000064e+00,1.560000000000000053e+00
4.400568962097167969e+00,-1.475770000000000026e+00,4.830000000000556071e-03,5.271290000000000475e+00,-1.799999999999998823e-01,-4.499999999999998793e-03,9.831089711420000654e+00,5.000300000000000011e+01,3.415999999999999925e+00,8.669999999999999929e-01
4.416800022125244141e+00,-1.392770000000000064e+00,6.583000000000049923e-02,4.676289999999999836e+00,-2.099999999999999090e-01,1.549999999999999989e-02,9.811089711420001080e+00,5.000300000000000011e+01,2.697000000000000064e+00,8.669999999999999929e-01
4.432554006576538086e+00,-1.498769999999999936e+00,1.983000000000068042e-02,3.898290000000000255e+00,-1.899999999999998912e-01,5.500000000000001416e-03,9.801089711419999517e+00,5.269200000000000017e+01,1.078999999999999959e+00,6.929999999999999494e-01
4.448291063308715820e+00,-1.445770000000000000e+00,6.583000000000049923e-02,2.890290000000000248e+00,-2.099999999999999090e-01,5.500000000000001416e-03,9.811089711420001080e+00,5.107900000000000063e+01,2.697000000000000064e+00,1.560000000000000053e+00
4.463943004608154297e+00,-1.437769999999999992e+00,1.268300000000008865e-01,3.348290000000000433e+00,-2.099999999999999090e-01,-1.449999999999999900e-02,9.771089711420000157e+00,5.036200000000000188e+01,3.056999999999999940e+00,1.729999999999999871e-01
4.479640960693359375e+00,-1.346770000000000023e+00,1.268300000000008865e-01,5.080289999999999750e+00,-2.299999999999999267e-01,1.549999999999999989e-02,9.801089711419999517e+00,5.143699999999999761e+01,3.415999999999999925e+00,5.200000000000000178e-01
4.495346069335937500e+00,-1.163769999999999971e+00,5.083000000000081897e-02,8.651289999999999480e+00,-2.699999999999999623e-01,2.550000000000000183e-02,9.791089711419999730e+00,5.143699999999999761e+01,3.775999999999999801e+00,5.200000000000000178e-01
4.511123895645141602e+00,-1.025770000000000071e+00,-3.316999999999925564e-02,1.156529000000000096e+01,-2.499999999999999445e-01,2.550000000000000183e-02,9.781089711419999944e+00,5.161599999999999966e+01,3.237000000000000099e+00,1.733999999999999986e+00
4.526829957962036133e+00,-8.967700000000000671e-01,1.983000000000068042e-02,1.391529000000000060e+01,-1.899999999999998912e-01,5.500000000000001416e-03,9.791089711419999730e+00,5.054099999999999682e+01,3.237000000000000099e+00,1.387000000000000011e+00
4.542531013488769531e+00,-8.047699999999999854e-01,1.983000000000068042e-02,1.475429000000000102e+01,-2.399999999999999356e-01,1.549999999999999989e-02,9.841089711420000441e+00,5.054099999999999682e+01,2.157999999999999918e+00,6.929999999999999494e-01
4.558291912078857422e+00,-6.747699999999999809e-01,5.883000000000082608e-02,1.764629000000000048e+01,-2.399999999999999356e-01,3.550000000000000377e-02,9.781089711419999944e+00,5.161599999999999966e+01,2.157999999999999918e+00,2.427000000000000046e+00
4.573906898498535156e+00,-4.537700000000000067e-01,6.583000000000049923e-02,2.105629000000000062e+01,-2.399999999999999356e-01,5.500000000000001416e-03,9.741089711420000796e+00,5.054099999999999682e+01,2.157999999999999918e+00,6.929999999999999494e-01
4.589679956436157227e+00,-3.927700000000000080e-01,1.348300000000008936e-01,2.207128999999999763e+01,-2.199999999999999178e-01,2.550000000000000183e-02,9.751089711420000583e+00,5.251299999999999812e+01,2.697000000000000064e+00,2.600999999999999979e+00
4.605391025543212891e+00,-5.837700000000000111e-01,1.118300000000007621e-01,1.825628999999999991e+01,-1.799999999999998823e-01,1.549999999999999989e-02,9.781089711419999944e+00,5.143699999999999761e+01,1.977999999999999980e+00,1.729999999999999871e-01
4.621042013168334961e+00,-8.657700000000000395e-01,8.083000000000062357e-02,1.391529000000000060e+01,-1.999999999999999001e-01,5.500000000000001416e-03,9.781089711419999944e+00,5.179599999999999937e+01,1.618000000000000105e+00,1.213999999999999968e+00
4.636748075485229492e+00,-9.497700000000000031e-01,6.583000000000049923e-02,1.246529000000000131e+01,-1.699999999999998734e-01,5.500000000000001416e-03,9.801089711419999517e+00,5.215400000000000347e+01,1.977999999999999980e+00,5.200000000000000178e-01
4.652474880218505859e+00,-1.010769999999999946e+00,1.983000000000068042e-02,1.229029000000000060e+01,-2.299999999999999267e-01,-1.449999999999999900e-02,9.771089711420000157e+00,5.089999999999999858e+01,1.798000000000000043e+00,0.000000000000000000e+00
4.668210983276367188e+00,-9.197699999999999765e-01,5.883000000000082608e-02,1.284729000000000099e+01,-1.999999999999999001e-01,1.549999999999999989e-02,9.801089711419999517e+00,5.089999999999999858e+01,2.876999999999999780e+00,1.040000000000000036e+00
4.683899879455566406e+00,-1.086770000000000014e+00,-6.316999999999950433e-02,1.087828999999999979e+01,-1.799999999999998823e-01,-1.449999999999999900e-02,9.781089711419999944e+00,5.161599999999999966e+01,1.798000000000000043e+00,6.929999999999999494e-01
4.699624061584472656e+00,-1.170770000000000088e+00,4.830000000000556071e-03,9.513290000000001356e+00,-2.299999999999999267e-01,-4.499999999999998793e-03,9.791089711419999730e+00,5.179599999999999937e+01,1.258999999999999897e+00,1.560000000000000053e+00
4.715300083160400391e+00,-9.647700000000000164e-01,-4.816999999999937998e-02,1.136729000000000056e+01,-2.299999999999999267e-01,1.549999999999999989e-02,9.781089711419999944e+00,5.089999999999999858e+01,1.437999999999999945e+00,6.929999999999999494e-01
4.730952024459838867e+00,-9.647700000000000164e-01,1.198300000000007692e-01,1.055029000000000039e+01,-1.399999999999999578e-01,-1.449999999999999900e-02,9.751089711420000583e+00,5.251299999999999812e+01,2.338000000000000078e+00,8.669999999999999929e-01
4.746639966964721680e+00,-1.254769999999999941e+00,-3.316999999999925564e-02,6.598290000000000433e+00,-2.099999999999999090e-01,5.500000000000001416e-03,9.771089711420000157e+00,5.071999999999999886e+01,2.338000000000000078e+00,1.560000000000000053e+00
4.762291908264160156e+00,-1.285770000000000080e+00,-3.316999999999925564e-02,7.590289999999999537e+00,-1.999999999999999001e-01,5.500000000000001416e-03,9.811089711420001080e+00,5.054099999999999682e+01,2.516999999999999904e+00,1.040000000000000036e+00
4.777971029281616211e+00,-1.224769999999999914e+00,-3.316999999999925564e-02,6.957290000000000418e+00,-1.999999999999999001e-01,-4.499999999999998793e-03,9.761089711420000370e+00,5.304999999999999716e+01,1.798000000000000043e+00,1.040000000000000036e+00
4.793729066848754883e+00,-1.247770000000000046e+00,-2.516999999999924853e-02,6.675290000000000390e+00,-2.199999999999999178e-01,-4.499999999999998793e-03,9.811089711420001080e+00,5.054099999999999682e+01,0.000000000000000000e+00,-3.469999999999999751e-01
4.809544086456298828e+00,-1.254769999999999941e+00,1.283000000000056318e-02,8.185290000000000177e+00,-2.099999999999999090e-01,1.549999999999999989e-02,9.801089711419999517e+00,5.125800000000000267e+01,1.437999999999999945e+00,3.469999999999999751e-01
4.825227975845336914e+00,-1.186770000000000103e+00,3.583000000000069463e-02,8.094290000000000873e+00,-2.099999999999999090e-01,-1.449999999999999900e-02,9.811089711420001080e+00,5.179599999999999937e+01,2.697000000000000064e+00,1.907000000000000028e+00
4.840914964675903320e+00,-1.109769999999999923e+00,-1.171699999999993302e-01,8.582290000000000418e+00,-2.099999999999999090e-01,1.549999999999999989e-02,9.781089711419999944e+00,5.071999999999999886e+01,1.258999999999999897e+00,1.729999999999999871e-01
4.856679916381835938e+00,-1.117769999999999930e+00,1.983000000000068042e-02,8.651289999999999480e+00,-1.699999999999998734e-01,1.549999999999999989e-02,9.811089711420001080e+00,5.125800000000000267e+01,0.000000000000000000e+00,1.040000000000000036e+00
4.872565031051635742e+00,-1.300769999999999982e+00,-2.169999999999117080e-03,5.874290000000000234e+00,-1.699999999999998734e-01,-1.449999999999999900e-02,9.821089711420000867e+00,5.179599999999999937e+01,5.390000000000000346e-01,1.213999999999999968e+00
4.888339996337890625e+00,-1.460770000000000124e+00,5.883000000000082608e-02,4.874290000000000234e+00,-2.299999999999999267e-01,5.500000000000001416e-03,9.801089711419999517e+00,5.071999999999999886e+01,5.390000000000000346e-01,8.669999999999999929e-01
4.904042005538940430e+00,-1.285770000000000080e+00,-4.816999999999937998e-02,6.514290000000000802e+00,-2.199999999999999178e-01,1.549999999999999989e-02,9.761089711420000370e+00,5.018299999999999983e+01,1.798000000000000043e+00,3.469999999999999751e-01
4.919811964035034180e+00,-1.239770000000000039e+00,7.383000000000050633e-02,7.567289999999999850e+00,-2.099999999999999090e-01,1.549999999999999989e-02,9.771089711420000157e+00,5.036200000000000188e+01,-1.799999999999999933e-01,1.213999999999999968e+00
4.935503005981445312e+00,-1.201770000000000005e+00,4.830000000000556071e-03,8.551289999999999836e+00,-2.299999999999999267e-01,1.549999999999999989e-02,9.801089711419999517e+00,5.215400000000000347e+01,1.618000000000000105e+00,1.560000000000000053e+00
4.951195001602172852e+00,-1.338770000000000016e+00,4.283000000000081187e-02,7.354290000000000660e+00,-2.099999999999999090e-01,5.500000000000001416e-03,9.761089711420000370e+00,5.036200000000000188e+01,1.618000000000000105e+00,2.254000000000000004e+00
4.966901063919067383e+00,-1.163769999999999971e+00,8.883000000000063068e-02,8.498290000000000788e+00,-2.299999999999999267e-01,5.500000000000001416e-03,9.781089711419999944e+00,5.107900000000000063e+01,5.390000000000000346e-01,1.213999999999999968e+00
4.982558965682983398e+00,-1.186770000000000103e+00,4.830000000000556071e-03,9.307290000000000063e+00,-2.099999999999999090e-01,-4.499999999999998793e-03,9.801089711419999517e+00,4.982399999999999807e+01,0.000000000000000000e+00,2.774000000000000021e+00
4.998380899429321289e+00,-1.140770000000000062e+00,-6.316999999999950433e-02,9.108290000000000219e+00,-1.999999999999999001e-01,5.500000000000001416e-03,9.781089711419999944e+00,5.054099999999999682e+01,0.000000000000000000e+00,1.040000000000000036e+00
5.014332056045532227e+00,-1.239770000000000039e+00,1.983000000000068042e-02,8.559290000000000731e+00,-1.999999999999999001e-01,-4.499999999999998793e-03,9.801089711419999517e+00,5.107900000000000063e+01,-5.390000000000000346e-01,1.907000000000000028e+00
